filename,class,split,distance,lighting,background,occlusion
backpack_000.jpg,backpack,train,tidak dicatat,tidak dicatat,indoor,tidak dicatat
backpack_001.jpg,backpack,train,tidak dicatat,tidak dicatat,indoor,tidak dicatat
backpack_002.jpg,backpack,train,tidak dicatat,tidak dicatat,indoor,tidak dicatat
backpack_003.jpg,backpack,train,tidak dicatat,tidak dicatat,indoor,tidak dicatat
backpack_004.jpg,backpack,train,tidak dicatat,tidak dicatat,indoor,tidak dicatat
backpack_005.jpg,backpack,train,tidak dicatat,tidak dicatat,indoor,tidak dicatat
backpack_006.jpg,backpack,train,tidak dicatat,tidak dicatat,indoor,tidak dicatat
backpack_007.jpg,backpack,train,tidak dicatat,tidak dicatat,indoor,tidak dicatat
backpack_008.jpg,backpack,train,tidak dicatat,tidak dicatat,indoor,tidak dicatat
backpack_009.jpg,backpack,train,tidak dicatat,tidak dicatat,indoor,tidak dicatat
backpack_010.jpg,backpack,train,tidak dicatat,tidak dicatat,indoor,tidak dicatat
backpack_011.jpg,backpack,train,tidak dicatat,tidak dicatat,indoor,tidak dicatat
backpack_012.jpg,backpack,train,tidak dicatat,tidak dicatat,indoor,tidak dicatat
backpack_013.jpg,backpack,train,tidak dicatat,tidak dicatat,indoor,tidak dicatat
backpack_014.jpg,backpack,train,tidak dicatat,tidak dicatat,indoor,tidak dicatat
backpack_015.jpg,backpack,train,tidak dicatat,tidak dicatat,indoor,tidak dicatat
backpack_016.jpg,backpack,train,tidak dicatat,tidak dicatat,indoor,tidak dicatat
backpack_017.jpg,backpack,train,tidak dicatat,tidak dicatat,indoor,tidak dicatat
backpack_018.jpg,backpack,train,tidak dicatat,tidak dicatat,indoor,tidak dicatat
backpack_019.jpg,backpack,train,tidak dicatat,tidak dicatat,indoor,tidak dicatat
backpack_020.jpg,backpack,train,tidak dicatat,tidak dicatat,indoor,tidak dicatat
backpack_021.jpg,backpack,train,tidak dicatat,tidak dicatat,indoor,tidak dicatat
backpack_022.jpg,backpack,train,tidak dicatat,tidak dicatat,indoor,tidak dicatat
backpack_023.jpg,backpack,train,tidak dicatat,tidak dicatat,indoor,tidak dicatat
backpack_024.jpg,backpack,train,tidak dicatat,tidak dicatat,indoor,tidak dicatat
backpack_025.jpg,backpack,train,tidak dicatat,tidak dicatat,indoor,tidak dicatat
backpack_026.jpg,backpack,train,tidak dicatat,tidak dicatat,indoor,tidak dicatat
backpack_027.jpg,backpack,train,tidak dicatat,tidak dicatat,indoor,tidak dicatat
backpack_028.jpg,backpack,train,tidak dicatat,tidak dicatat,indoor,tidak dicatat
backpack_029.jpg,backpack,train,tidak dicatat,tidak dicatat,indoor,tidak dicatat
backpack_030.jpg,backpack,train,tidak dicatat,tidak dicatat,indoor,tidak dicatat
backpack_031.jpg,backpack,train,tidak dicatat,tidak dicatat,indoor,tidak dicatat
backpack_032.jpg,backpack,train,tidak dicatat,tidak dicatat,indoor,tidak dicatat
backpack_033.jpg,backpack,train,tidak dicatat,tidak dicatat,indoor,tidak dicatat
backpack_034.jpg,backpack,train,tidak dicatat,tidak dicatat,indoor,tidak dicatat
backpack_035.jpg,backpack,train,tidak dicatat,tidak dicatat,indoor,tidak dicatat
backpack_036.jpg,backpack,train,tidak dicatat,tidak dicatat,indoor,tidak dicatat
backpack_037.jpg,backpack,train,tidak dicatat,tidak dicatat,indoor,tidak dicatat
backpack_038.jpg,backpack,train,tidak dicatat,tidak dicatat,indoor,tidak dicatat
backpack_039.jpg,backpack,train,tidak dicatat,tidak dicatat,indoor,tidak dicatat
backpack_040.jpg,backpack,train,tidak dicatat,tidak dicatat,indoor,tidak dicatat
backpack_041.jpg,backpack,train,tidak dicatat,tidak dicatat,indoor,tidak dicatat
backpack_042.jpg,backpack,train,tidak dicatat,tidak dicatat,indoor,tidak dicatat
backpack_043.jpg,backpack,train,tidak dicatat,tidak dicatat,indoor,tidak dicatat
backpack_044.jpg,backpack,train,tidak dicatat,tidak dicatat,indoor,tidak dicatat
backpack_045.jpg,backpack,train,tidak dicatat,tidak dicatat,indoor,tidak dicatat
backpack_046.jpg,backpack,train,tidak dicatat,tidak dicatat,indoor,tidak dicatat
backpack_047.jpg,backpack,train,tidak dicatat,tidak dicatat,indoor,tidak dicatat
backpack_048.jpg,backpack,train,tidak dicatat,tidak dicatat,indoor,tidak dicatat
backpack_049.jpg,backpack,train,tidak dicatat,tidak dicatat,indoor,tidak dicatat
bottle_000.jpg,bottle,train,tidak dicatat,tidak dicatat,indoor,tidak dicatat
bottle_001.jpg,bottle,train,tidak dicatat,tidak dicatat,indoor,tidak dicatat
bottle_002.jpg,bottle,train,tidak dicatat,tidak dicatat,indoor,tidak dicatat
bottle_003.jpg,bottle,train,tidak dicatat,tidak dicatat,indoor,tidak dicatat
bottle_004.jpg,bottle,train,tidak dicatat,tidak dicatat,indoor,tidak dicatat
bottle_005.jpg,bottle,train,tidak dicatat,tidak dicatat,indoor,tidak dicatat
bottle_006.jpg,bottle,train,tidak dicatat,tidak dicatat,indoor,tidak dicatat
bottle_007.jpg,bottle,train,tidak dicatat,tidak dicatat,indoor,tidak dicatat
bottle_008.jpg,bottle,train,tidak dicatat,tidak dicatat,indoor,tidak dicatat
bottle_009.jpg,bottle,train,tidak dicatat,tidak dicatat,indoor,tidak dicatat
bottle_010.jpg,bottle,train,tidak dicatat,tidak dicatat,indoor,tidak dicatat
bottle_011.jpg,bottle,train,tidak dicatat,tidak dicatat,indoor,tidak dicatat
bottle_012.jpg,bottle,train,tidak dicatat,tidak dicatat,indoor,tidak dicatat
bottle_013.jpg,bottle,train,tidak dicatat,tidak dicatat,indoor,tidak dicatat
bottle_014.jpg,bottle,train,tidak dicatat,tidak dicatat,indoor,tidak dicatat
bottle_015.jpg,bottle,train,tidak dicatat,tidak dicatat,indoor,tidak dicatat
bottle_016.jpg,bottle,train,tidak dicatat,tidak dicatat,indoor,tidak dicatat
bottle_017.jpg,bottle,train,tidak dicatat,tidak dicatat,indoor,tidak dicatat
bottle_018.jpg,bottle,train,tidak dicatat,tidak dicatat,indoor,tidak dicatat
bottle_019.jpg,bottle,train,tidak dicatat,tidak dicatat,indoor,tidak dicatat
bottle_020.jpg,bottle,train,tidak dicatat,tidak dicatat,indoor,tidak dicatat
bottle_021.jpg,bottle,train,tidak dicatat,tidak dicatat,indoor,tidak dicatat
bottle_022.jpg,bottle,train,tidak dicatat,tidak dicatat,indoor,tidak dicatat
bottle_023.jpg,bottle,train,tidak dicatat,tidak dicatat,indoor,tidak dicatat
bottle_024.jpg,bottle,train,tidak dicatat,tidak dicatat,indoor,tidak dicatat
bottle_025.jpg,bottle,train,tidak dicatat,tidak dicatat,indoor,tidak dicatat
bottle_026.jpg,bottle,train,tidak dicatat,tidak dicatat,indoor,tidak dicatat
bottle_027.jpg,bottle,train,tidak dicatat,tidak dicatat,indoor,tidak dicatat
bottle_028.jpg,bottle,train,tidak dicatat,tidak dicatat,indoor,tidak dicatat
bottle_029.jpg,bottle,train,tidak dicatat,tidak dicatat,indoor,tidak dicatat
bottle_030.jpg,bottle,train,tidak dicatat,tidak dicatat,indoor,tidak dicatat
bottle_031.jpg,bottle,train,tidak dicatat,tidak dicatat,indoor,tidak dicatat
bottle_032.jpg,bottle,train,tidak dicatat,tidak dicatat,indoor,tidak dicatat
bottle_033.jpg,bottle,train,tidak dicatat,tidak dicatat,indoor,tidak dicatat
bottle_034.jpg,bottle,train,tidak dicatat,tidak dicatat,indoor,tidak dicatat
bottle_035.jpg,bottle,train,tidak dicatat,tidak dicatat,indoor,tidak dicatat
bottle_036.jpg,bottle,train,tidak dicatat,tidak dicatat,indoor,tidak dicatat
bottle_037.jpg,bottle,train,tidak dicatat,tidak dicatat,indoor,tidak dicatat
bottle_038.jpg,bottle,train,tidak dicatat,tidak dicatat,indoor,tidak dicatat
bottle_039.jpg,bottle,train,tidak dicatat,tidak dicatat,indoor,tidak dicatat
bottle_040.jpg,bottle,train,tidak dicatat,tidak dicatat,indoor,tidak dicatat
bottle_041.jpg,bottle,train,tidak dicatat,tidak dicatat,indoor,tidak dicatat
bottle_042.jpg,bottle,train,tidak dicatat,tidak dicatat,indoor,tidak dicatat
bottle_043.jpg,bottle,train,tidak dicatat,tidak dicatat,indoor,tidak dicatat
bottle_044.jpg,bottle,train,tidak dicatat,tidak dicatat,indoor,tidak dicatat
bottle_045.jpg,bottle,train,tidak dicatat,tidak dicatat,indoor,tidak dicatat
bottle_046.jpg,bottle,train,tidak dicatat,tidak dicatat,indoor,tidak dicatat
bottle_047.jpg,bottle,train,tidak dicatat,tidak dicatat,indoor,tidak dicatat
bottle_048.jpg,bottle,train,tidak dicatat,tidak dicatat,indoor,tidak dicatat
bottle_049.jpg,bottle,train,tidak dicatat,tidak dicatat,indoor,tidak dicatat
bottle_050.jpg,bottle,train,tidak dicatat,tidak dicatat,indoor,tidak dicatat
bottle_051.jpg,bottle,train,tidak dicatat,tidak dicatat,indoor,tidak dicatat
bottle_052.jpg,bottle,train,tidak dicatat,tidak dicatat,indoor,tidak dicatat
bottle_053.jpg,bottle,train,tidak dicatat,tidak dicatat,indoor,tidak dicatat
bottle_054.jpg,bottle,train,tidak dicatat,tidak dicatat,indoor,tidak dicatat
bottle_055.jpg,bottle,train,tidak dicatat,tidak dicatat,indoor,tidak dicatat
chair_000.jpg,chair,train,tidak dicatat,tidak dicatat,indoor,tidak dicatat
chair_001.jpg,chair,train,tidak dicatat,tidak dicatat,indoor,tidak dicatat
chair_002.jpg,chair,train,tidak dicatat,tidak dicatat,indoor,tidak dicatat
chair_003.jpg,chair,train,tidak dicatat,tidak dicatat,indoor,tidak dicatat
chair_004.jpg,chair,train,tidak dicatat,tidak dicatat,indoor,tidak dicatat
chair_005.jpg,chair,train,tidak dicatat,tidak dicatat,indoor,tidak dicatat
chair_006.jpg,chair,train,tidak dicatat,tidak dicatat,indoor,tidak dicatat
chair_007.jpg,chair,train,tidak dicatat,tidak dicatat,indoor,tidak dicatat
chair_008.jpg,chair,train,tidak dicatat,tidak dicatat,indoor,tidak dicatat
chair_009.jpg,chair,train,tidak dicatat,tidak dicatat,indoor,tidak dicatat
chair_010.jpg,chair,train,tidak dicatat,tidak dicatat,indoor,tidak dicatat
chair_011.jpg,chair,train,tidak dicatat,tidak dicatat,indoor,tidak dicatat
chair_012.jpg,chair,train,tidak dicatat,tidak dicatat,indoor,tidak dicatat
chair_013.jpg,chair,train,tidak dicatat,tidak dicatat,indoor,tidak dicatat
chair_014.jpg,chair,train,tidak dicatat,tidak dicatat,indoor,tidak dicatat
chair_015.jpg,chair,train,tidak dicatat,tidak dicatat,indoor,tidak dicatat
chair_016.jpg,chair,train,tidak dicatat,tidak dicatat,indoor,tidak dicatat
chair_017.jpg,chair,train,tidak dicatat,tidak dicatat,indoor,tidak dicatat
chair_018.jpg,chair,train,tidak dicatat,tidak dicatat,indoor,tidak dicatat
chair_019.jpg,chair,train,tidak dicatat,tidak dicatat,indoor,tidak dicatat
chair_020.jpg,chair,train,tidak dicatat,tidak dicatat,indoor,tidak dicatat
chair_021.jpg,chair,train,tidak dicatat,tidak dicatat,indoor,tidak dicatat
chair_022.jpg,chair,train,tidak dicatat,tidak dicatat,indoor,tidak dicatat
chair_023.jpg,chair,train,tidak dicatat,tidak dicatat,indoor,tidak dicatat
chair_024.jpg,chair,train,tidak dicatat,tidak dicatat,indoor,tidak dicatat
chair_025.jpg,chair,train,tidak dicatat,tidak dicatat,indoor,tidak dicatat
chair_026.jpg,chair,train,tidak dicatat,tidak dicatat,indoor,tidak dicatat
chair_027.jpg,chair,train,tidak dicatat,tidak dicatat,indoor,tidak dicatat
chair_028.jpg,chair,train,tidak dicatat,tidak dicatat,indoor,tidak dicatat
chair_029.jpg,chair,train,tidak dicatat,tidak dicatat,indoor,tidak dicatat
chair_030.jpg,chair,train,tidak dicatat,tidak dicatat,indoor,tidak dicatat
chair_031.jpg,chair,train,tidak dicatat,tidak dicatat,indoor,tidak dicatat
chair_032.jpg,chair,train,tidak dicatat,tidak dicatat,indoor,tidak dicatat
chair_033.jpg,chair,train,tidak dicatat,tidak dicatat,indoor,tidak dicatat
chair_034.jpg,chair,train,tidak dicatat,tidak dicatat,indoor,tidak dicatat
chair_035.jpg,chair,train,tidak dicatat,tidak dicatat,indoor,tidak dicatat
chair_036.jpg,chair,train,tidak dicatat,tidak dicatat,indoor,tidak dicatat
chair_037.jpg,chair,train,tidak dicatat,tidak dicatat,indoor,tidak dicatat
chair_038.jpg,chair,train,tidak dicatat,tidak dicatat,indoor,tidak dicatat
chair_039.jpg,chair,train,tidak dicatat,tidak dicatat,indoor,tidak dicatat
chair_040.jpg,chair,train,tidak dicatat,tidak dicatat,indoor,tidak dicatat
chair_041.jpg,chair,train,tidak dicatat,tidak dicatat,indoor,tidak dicatat
chair_042.jpg,chair,train,tidak dicatat,tidak dicatat,indoor,tidak dicatat
chair_043.jpg,chair,train,tidak dicatat,tidak dicatat,indoor,tidak dicatat
chair_044.jpg,chair,train,tidak dicatat,tidak dicatat,indoor,tidak dicatat
chair_045.jpg,chair,train,tidak dicatat,tidak dicatat,indoor,tidak dicatat
chair_046.jpg,chair,train,tidak dicatat,tidak dicatat,indoor,tidak dicatat
chair_047.jpg,chair,train,tidak dicatat,tidak dicatat,indoor,tidak dicatat
chair_048.jpg,chair,train,tidak dicatat,tidak dicatat,indoor,tidak dicatat
chair_049.jpg,chair,train,tidak dicatat,tidak dicatat,indoor,tidak dicatat
person_000.jpg,person,train,tidak dicatat,tidak dicatat,indoor,tidak dicatat
person_001.jpg,person,train,tidak dicatat,tidak dicatat,indoor,tidak dicatat
person_002.jpg,person,train,tidak dicatat,tidak dicatat,indoor,tidak dicatat
person_003.jpg,person,train,tidak dicatat,tidak dicatat,indoor,tidak dicatat
person_004.jpg,person,train,tidak dicatat,tidak dicatat,indoor,tidak dicatat
person_005.jpg,person,train,tidak dicatat,tidak dicatat,indoor,tidak dicatat
person_006.jpg,person,train,tidak dicatat,tidak dicatat,indoor,tidak dicatat
person_007.jpg,person,train,tidak dicatat,tidak dicatat,indoor,tidak dicatat
person_008.jpg,person,train,tidak dicatat,tidak dicatat,indoor,tidak dicatat
person_009.jpg,person,train,tidak dicatat,tidak dicatat,indoor,tidak dicatat
person_010.jpg,person,train,tidak dicatat,tidak dicatat,indoor,tidak dicatat
person_011.jpg,person,train,tidak dicatat,tidak dicatat,indoor,tidak dicatat
person_012.jpg,person,train,tidak dicatat,tidak dicatat,indoor,tidak dicatat
person_013.jpg,person,train,tidak dicatat,tidak dicatat,indoor,tidak dicatat
person_014.jpg,person,train,tidak dicatat,tidak dicatat,indoor,tidak dicatat
person_015.jpg,person,train,tidak dicatat,tidak dicatat,indoor,tidak dicatat
person_016.jpg,person,train,tidak dicatat,tidak dicatat,indoor,tidak dicatat
person_017.jpg,person,train,tidak dicatat,tidak dicatat,indoor,tidak dicatat
person_018.jpg,person,train,tidak dicatat,tidak dicatat,indoor,tidak dicatat
person_019.jpg,person,train,tidak dicatat,tidak dicatat,indoor,tidak dicatat
person_020.jpg,person,train,tidak dicatat,tidak dicatat,indoor,tidak dicatat
person_021.jpg,person,train,tidak dicatat,tidak dicatat,indoor,tidak dicatat
person_022.jpg,person,train,tidak dicatat,tidak dicatat,indoor,tidak dicatat
person_023.jpg,person,train,tidak dicatat,tidak dicatat,indoor,tidak dicatat
person_024.jpg,person,train,tidak dicatat,tidak dicatat,indoor,tidak dicatat
person_025.jpg,person,train,tidak dicatat,tidak dicatat,indoor,tidak dicatat
person_026.jpg,person,train,tidak dicatat,tidak dicatat,indoor,tidak dicatat
person_027.jpg,person,train,tidak dicatat,tidak dicatat,indoor,tidak dicatat
person_028.jpg,person,train,tidak dicatat,tidak dicatat,indoor,tidak dicatat
person_029.jpg,person,train,tidak dicatat,tidak dicatat,indoor,tidak dicatat
person_030.jpg,person,train,tidak dicatat,tidak dicatat,indoor,tidak dicatat
person_031.jpg,person,train,tidak dicatat,tidak dicatat,indoor,tidak dicatat
person_032.jpg,person,train,tidak dicatat,tidak dicatat,indoor,tidak dicatat
person_033.jpg,person,train,tidak dicatat,tidak dicatat,indoor,tidak dicatat
person_034.jpg,person,train,tidak dicatat,tidak dicatat,indoor,tidak dicatat
person_035.jpg,person,train,tidak dicatat,tidak dicatat,indoor,tidak dicatat
person_036.jpg,person,train,tidak dicatat,tidak dicatat,indoor,tidak dicatat
person_037.jpg,person,train,tidak dicatat,tidak dicatat,indoor,tidak dicatat
person_038.jpg,person,train,tidak dicatat,tidak dicatat,indoor,tidak dicatat
person_039.jpg,person,train,tidak dicatat,tidak dicatat,indoor,tidak dicatat
person_040.jpg,person,train,tidak dicatat,tidak dicatat,indoor,tidak dicatat
person_041.jpg,person,train,tidak dicatat,tidak dicatat,indoor,tidak dicatat
person_042.jpg,person,train,tidak dicatat,tidak dicatat,indoor,tidak dicatat
person_043.jpg,person,train,tidak dicatat,tidak dicatat,indoor,tidak dicatat
person_044.jpg,person,train,tidak dicatat,tidak dicatat,indoor,tidak dicatat
person_045.jpg,person,train,tidak dicatat,tidak dicatat,indoor,tidak dicatat
person_046.jpg,person,train,tidak dicatat,tidak dicatat,indoor,tidak dicatat
person_047.jpg,person,train,tidak dicatat,tidak dicatat,indoor,tidak dicatat
person_048.jpg,person,train,tidak dicatat,tidak dicatat,indoor,tidak dicatat
person_049.jpg,person,train,tidak dicatat,tidak dicatat,indoor,tidak dicatat
person_050.jpg,person,train,tidak dicatat,tidak dicatat,indoor,tidak dicatat
backpack_000.jpg,backpack,val,tidak dicatat,tidak dicatat,indoor,tidak dicatat
backpack_001.jpg,backpack,val,tidak dicatat,tidak dicatat,indoor,tidak dicatat
backpack_002.jpg,backpack,val,tidak dicatat,tidak dicatat,indoor,tidak dicatat
backpack_003.jpg,backpack,val,tidak dicatat,tidak dicatat,indoor,tidak dicatat
backpack_004.jpg,backpack,val,tidak dicatat,tidak dicatat,indoor,tidak dicatat
bottle_000.jpg,bottle,val,tidak dicatat,tidak dicatat,indoor,tidak dicatat
bottle_001.jpg,bottle,val,tidak dicatat,tidak dicatat,indoor,tidak dicatat
bottle_002.jpg,bottle,val,tidak dicatat,tidak dicatat,indoor,tidak dicatat
bottle_003.jpg,bottle,val,tidak dicatat,tidak dicatat,indoor,tidak dicatat
bottle_004.jpg,bottle,val,tidak dicatat,tidak dicatat,indoor,tidak dicatat
chair_000.jpg,chair,val,tidak dicatat,tidak dicatat,indoor,tidak dicatat
chair_001.jpg,chair,val,tidak dicatat,tidak dicatat,indoor,tidak dicatat
chair_002.jpg,chair,val,tidak dicatat,tidak dicatat,indoor,tidak dicatat
chair_003.jpg,chair,val,tidak dicatat,tidak dicatat,indoor,tidak dicatat
chair_004.jpg,chair,val,tidak dicatat,tidak dicatat,indoor,tidak dicatat
person_000.jpg,person,val,tidak dicatat,tidak dicatat,indoor,tidak dicatat
person_001.jpg,person,val,tidak dicatat,tidak dicatat,indoor,tidak dicatat
person_002.jpg,person,val,tidak dicatat,tidak dicatat,indoor,tidak dicatat
person_003.jpg,person,val,tidak dicatat,tidak dicatat,indoor,tidak dicatat
person_004.jpg,person,val,tidak dicatat,tidak dicatat,indoor,tidak dicatat
